                  epoch,             train/loss,  metrics/accuracy_top1,  metrics/accuracy_top5,               val/loss,                 lr/pg0,                 lr/pg1,                 lr/pg2
                      1,                 1.5864,                0.80144,                0.97583,                 2.3958,             0.00023773,             0.00023773,             0.00023773
                      2,                0.54512,                0.84193,                0.98432,                 2.3412,             0.00024024,             0.00024024,             0.00024024
