                  epoch,             train/loss,  metrics/accuracy_top1,  metrics/accuracy_top5,               val/loss,                 lr/pg0,                 lr/pg1,                 lr/pg2
                      1,                 1.7424,                0.71783,                0.96212,                  2.504,             0.00023773,             0.00023773,             0.00023773
                      2,                0.95862,                0.78119,                0.97257,                 2.4226,             0.00024024,             0.00024024,             0.00024024
