                  epoch,             train/loss,  metrics/accuracy_top1,  metrics/accuracy_top5,               val/loss,                 lr/pg0,                 lr/pg1,                 lr/pg2
                      1,                 1.9689,                0.69693,                0.96277,                 2.5201,             0.00023773,             0.00023773,             0.00023773
                      2,                0.97403,                  0.774,                0.97453,                 2.4269,             0.00024024,             0.00024024,             0.00024024
